study;condition_arm1;condition_arm2;multi_arm1;multi_arm2;outcome_type;instrument;rating;instrument_symptom;primary_instrument;cov_time_point;study_time_point;time_weeks;time_days;primary_timepoint;post_crossover;n_arm1;mean_arm1;sd_arm1;n_arm2;mean_arm2;sd_arm2;n_change_arm1;mean_change_arm1;sd_change_arm1;n_change_arm2;mean_change_arm2;sd_change_arm2;event_arm1;totaln_arm1;event_arm2;totaln_arm2;baseline_m_arm1;baseline_sd_arm1;baseline_n_arm1;baseline_m_arm2;baseline_sd_arm2;baseline_n_arm2;d1;d2;d3;d4;d5;rob;year;drug_arm1;drug_arm2;dose_arm1;dose_arm2;name_arm1;name_arm2;n_dosing_sessions;cumulative_dose_arm1;cumulative_dose_arm2;dose_days;dose_weeks;mean_age;percent_women;diagnosis;target_group;design;blinding;doi;registration_number;full_ref;.id;.g;.g_se;.log_rr;.log_rr_se;.event_arm1;.event_arm2;.totaln_arm1;.totaln_arm2
Mitchell 2021;mdma;pcb;NA;NA;msd;caps-5;clinician;ptsd;1;Post-first dose 1;Week 4;4,00;28;0;NA;46;33,8;12,2081939696255;43;37,0;10,49190163888320;NA;NA;NA;NA;NA;NA;NA;NA;NA;NA;44,0;6,0100000000000;46;44,2;6,15000000000000;44;Low;Low;Low;Low;Low;Low;2021;MDMA;placebo;80 mg;80 mg;MDMA-assisted therapy;placebo with therapy;1;80;80;21;3,00;40,8791208791209;65,6230769230769;ptsd;severe ptsd;parallel;double-blind;10.1038/s41591-021-01336-3;NCT03537014;Mitchell, J.M., Bogenschutz, M., Lilienstein, A., Harrison, C., Kleiman, S., Parker-Guilbert, K., Ot'alora G, M., Garas, W., Paleos, C., Gorman, I., Nicholas, C., Mithoefer, M., Carlin, S., Poulter, B., Mithoefer, A., Quevedo, S., Wells, G., Klaire, S.S., van der Kolk, B., Tzarfaty, K., Amiaz, R., Worthy, R., Shannon, S., Woolley, J.D., Marta, C., Gelfand, Y., Hapke, E., Amar, S., Wallach, Y., Brown, R., Hamilton, S., Wang, J.B., Coker, A., Matthews, R., de Boer, A., Yazar-Klosinski, B., Emerson, A., Doblin, R. (2021). MDMA-assisted therapy for severe PTSD: a randomized, double-blind, placebo-controlled phase 3 study. Nat Med, 27(6), 1025-1033. https://doi.org/10.1038/s41591-021-01336-3;Mitchell2021_msd_caps-5_Week4_4.00_clinician_mdma_pcb_NA_NA;-0,27798448080229415;0,213158815826313;NA;NA;NA;NA;NA;NA
Mitchell 2021;mdma;pcb;NA;NA;msd;caps-5;clinician;ptsd;1;Post-second dose 1;Week 8;8,00;56;0;NA;42;26,3;12,3134073269749;39;33,5;12,48999599679680;NA;NA;NA;NA;NA;NA;NA;NA;NA;NA;44,0;6,0100000000000;46;44,2;6,15000000000000;44;Low;Low;Low;Low;Low;Low;2021;MDMA;placebo;120 mg;120 mg;MDMA-assisted therapy;placebo with therapy;2;200;200;21;3,00;40,8791208791209;65,6230769230769;ptsd;severe ptsd;parallel;double-blind;10.1038/s41591-021-01336-3;NCT03537014;Mitchell, J.M., Bogenschutz, M., Lilienstein, A., Harrison, C., Kleiman, S., Parker-Guilbert, K., Ot'alora G, M., Garas, W., Paleos, C., Gorman, I., Nicholas, C., Mithoefer, M., Carlin, S., Poulter, B., Mithoefer, A., Quevedo, S., Wells, G., Klaire, S.S., van der Kolk, B., Tzarfaty, K., Amiaz, R., Worthy, R., Shannon, S., Woolley, J.D., Marta, C., Gelfand, Y., Hapke, E., Amar, S., Wallach, Y., Brown, R., Hamilton, S., Wang, J.B., Coker, A., Matthews, R., de Boer, A., Yazar-Klosinski, B., Emerson, A., Doblin, R. (2021). MDMA-assisted therapy for severe PTSD: a randomized, double-blind, placebo-controlled phase 3 study. Nat Med, 27(6), 1025-1033. https://doi.org/10.1038/s41591-021-01336-3;Mitchell2021_msd_caps-5_Week8_8.00_clinician_mdma_pcb_NA_NA;-0,57517724082500854;0,227006968808158;NA;NA;NA;NA;NA;NA
Mitchell 2021;mdma;pcb;NA;NA;msd;caps-5;clinician;ptsd;1;Post-third dose 1;Week 18;18,00;126;1;NA;42;19,6;13,6095554666565;37;29,9;12,77380131362626;NA;NA;NA;NA;NA;NA;NA;NA;NA;NA;44,0;6,0100000000000;46;44,2;6,15000000000000;44;Low;Low;Low;Low;Low;Low;2021;MDMA;placebo;120 mg;120 mg;MDMA-assisted therapy;placebo with therapy;3;320;320;63;9,00;40,8791208791209;65,6230769230769;ptsd;severe ptsd;parallel;double-blind;10.1038/s41591-021-01336-3;NCT03537014;Mitchell, J.M., Bogenschutz, M., Lilienstein, A., Harrison, C., Kleiman, S., Parker-Guilbert, K., Ot'alora G, M., Garas, W., Paleos, C., Gorman, I., Nicholas, C., Mithoefer, M., Carlin, S., Poulter, B., Mithoefer, A., Quevedo, S., Wells, G., Klaire, S.S., van der Kolk, B., Tzarfaty, K., Amiaz, R., Worthy, R., Shannon, S., Woolley, J.D., Marta, C., Gelfand, Y., Hapke, E., Amar, S., Wallach, Y., Brown, R., Hamilton, S., Wang, J.B., Coker, A., Matthews, R., de Boer, A., Yazar-Klosinski, B., Emerson, A., Doblin, R. (2021). MDMA-assisted therapy for severe PTSD: a randomized, double-blind, placebo-controlled phase 3 study. Nat Med, 27(6), 1025-1033. https://doi.org/10.1038/s41591-021-01336-3;Mitchell2021_msd_caps-5_Week18_18.00_clinician_mdma_pcb_NA_NA;-0,77119460782592442;0,233827703340997;NA;NA;NA;NA;NA;NA
Mitchell 2021;mdma;pcb;NA;NA;response;caps-5;clinician;ptsd;1;Post-first dose 1;Week 4;4,00;28;0;NA;NA;NA;NA;NA;NA;NA;NA;NA;NA;NA;NA;NA;21;46;14;43;44,0;6,0100000000000;46;44,2;6,15000000000000;44;Low;Low;Low;Low;Low;Low;2021;MDMA;placebo;80 mg;80 mg;MDMA-assisted therapy;placebo with therapy;1;80;80;21;3,00;40,8791208791209;65,6230769230769;ptsd;severe ptsd;parallel;double-blind;10.1038/s41591-021-01336-3;NCT03537014;Mitchell, J.M., Bogenschutz, M., Lilienstein, A., Harrison, C., Kleiman, S., Parker-Guilbert, K., Ot'alora G, M., Garas, W., Paleos, C., Gorman, I., Nicholas, C., Mithoefer, M., Carlin, S., Poulter, B., Mithoefer, A., Quevedo, S., Wells, G., Klaire, S.S., van der Kolk, B., Tzarfaty, K., Amiaz, R., Worthy, R., Shannon, S., Woolley, J.D., Marta, C., Gelfand, Y., Hapke, E., Amar, S., Wallach, Y., Brown, R., Hamilton, S., Wang, J.B., Coker, A., Matthews, R., de Boer, A., Yazar-Klosinski, B., Emerson, A., Doblin, R. (2021). MDMA-assisted therapy for severe PTSD: a randomized, double-blind, placebo-controlled phase 3 study. Nat Med, 27(6), 1025-1033. https://doi.org/10.1038/s41591-021-01336-3;Mitchell2021_response_caps-5_Week4_4.00_clinician_mdma_pcb_NA_NA;-0,30273275641787578;0,242541090968737;0,3380238273126316;0,272126210901023;21;14;46;43
Mitchell 2021;mdma;pcb;NA;NA;response;caps-5;clinician;ptsd;1;Post-second dose 1;Week 8;8,00;56;0;NA;NA;NA;NA;NA;NA;NA;NA;NA;NA;NA;NA;NA;31;42;18;39;44,0;6,0100000000000;46;44,2;6,15000000000000;44;Low;Low;Low;Low;Low;Low;2021;MDMA;placebo;120 mg;120 mg;MDMA-assisted therapy;placebo with therapy;2;200;200;21;3,00;40,8791208791209;65,6230769230769;ptsd;severe ptsd;parallel;double-blind;10.1038/s41591-021-01336-3;NCT03537014;Mitchell, J.M., Bogenschutz, M., Lilienstein, A., Harrison, C., Kleiman, S., Parker-Guilbert, K., Ot'alora G, M., Garas, W., Paleos, C., Gorman, I., Nicholas, C., Mithoefer, M., Carlin, S., Poulter, B., Mithoefer, A., Quevedo, S., Wells, G., Klaire, S.S., van der Kolk, B., Tzarfaty, K., Amiaz, R., Worthy, R., Shannon, S., Woolley, J.D., Marta, C., Gelfand, Y., Hapke, E., Amar, S., Wallach, Y., Brown, R., Hamilton, S., Wang, J.B., Coker, A., Matthews, R., de Boer, A., Yazar-Klosinski, B., Emerson, A., Doblin, R. (2021). MDMA-assisted therapy for severe PTSD: a randomized, double-blind, placebo-controlled phase 3 study. Nat Med, 27(6), 1025-1033. https://doi.org/10.1038/s41591-021-01336-3;Mitchell2021_response_caps-5_Week8_8.00_clinician_mdma_pcb_NA_NA;-0,64996547624912471;0,262296863624152;0,4695074744352598;0,195864929533429;31;18;42;39
Mitchell 2021;mdma;pcb;NA;NA;response;caps-5;clinician;ptsd;1;Post-third dose 1;Week 18;18,00;126;1;NA;NA;NA;NA;NA;NA;NA;NA;NA;NA;NA;NA;NA;37;42;23;37;44,0;6,0100000000000;46;44,2;6,15000000000000;44;Low;Low;Low;Low;Low;Low;2021;MDMA;placebo;120 mg;120 mg;MDMA-assisted therapy;placebo with therapy;3;320;320;63;9,00;40,8791208791209;65,6230769230769;ptsd;severe ptsd;parallel;double-blind;10.1038/s41591-021-01336-3;NCT03537014;Mitchell, J.M., Bogenschutz, M., Lilienstein, A., Harrison, C., Kleiman, S., Parker-Guilbert, K., Ot'alora G, M., Garas, W., Paleos, C., Gorman, I., Nicholas, C., Mithoefer, M., Carlin, S., Poulter, B., Mithoefer, A., Quevedo, S., Wells, G., Klaire, S.S., van der Kolk, B., Tzarfaty, K., Amiaz, R., Worthy, R., Shannon, S., Woolley, J.D., Marta, C., Gelfand, Y., Hapke, E., Amar, S., Wallach, Y., Brown, R., Hamilton, S., Wang, J.B., Coker, A., Matthews, R., de Boer, A., Yazar-Klosinski, B., Emerson, A., Doblin, R. (2021). MDMA-assisted therapy for severe PTSD: a randomized, double-blind, placebo-controlled phase 3 study. Nat Med, 27(6), 1025-1033. https://doi.org/10.1038/s41591-021-01336-3;Mitchell2021_response_caps-5_Week18_18.00_clinician_mdma_pcb_NA_NA;-0,82166521919922375;0,322390182950186;0,3486719910759308;0,140245274644251;37;23;42;37
Mitchell 2021;mdma;pcb;NA;NA;remission;caps-5;clinician;ptsd;1;Post-first dose 1;Week 4;4,00;28;0;NA;NA;NA;NA;NA;NA;NA;NA;NA;NA;NA;NA;NA;4;46;1;43;44,0;6,0100000000000;46;44,2;6,15000000000000;44;Low;Low;Low;Low;Low;Low;2021;MDMA;placebo;80 mg;80 mg;MDMA-assisted therapy;placebo with therapy;1;80;80;21;3,00;40,8791208791209;65,6230769230769;ptsd;severe ptsd;parallel;double-blind;10.1038/s41591-021-01336-3;NCT03537014;Mitchell, J.M., Bogenschutz, M., Lilienstein, A., Harrison, C., Kleiman, S., Parker-Guilbert, K., Ot'alora G, M., Garas, W., Paleos, C., Gorman, I., Nicholas, C., Mithoefer, M., Carlin, S., Poulter, B., Mithoefer, A., Quevedo, S., Wells, G., Klaire, S.S., van der Kolk, B., Tzarfaty, K., Amiaz, R., Worthy, R., Shannon, S., Woolley, J.D., Marta, C., Gelfand, Y., Hapke, E., Amar, S., Wallach, Y., Brown, R., Hamilton, S., Wang, J.B., Coker, A., Matthews, R., de Boer, A., Yazar-Klosinski, B., Emerson, A., Doblin, R. (2021). MDMA-assisted therapy for severe PTSD: a randomized, double-blind, placebo-controlled phase 3 study. Nat Med, 27(6), 1025-1033. https://doi.org/10.1038/s41591-021-01336-3;Mitchell2021_remission_caps-5_Week4_4.00_clinician_mdma_pcb_NA_NA;-0,75769632208333348;0,628035742187349;1,3188530803243579;1,097727222770634;4;1;46;43
Mitchell 2021;mdma;pcb;NA;NA;remission;caps-5;clinician;ptsd;1;Post-second dose 1;Week 8;8,00;56;0;NA;NA;NA;NA;NA;NA;NA;NA;NA;NA;NA;NA;NA;5;42;2;39;44,0;6,0100000000000;46;44,2;6,15000000000000;44;Low;Low;Low;Low;Low;Low;2021;MDMA;placebo;120 mg;120 mg;MDMA-assisted therapy;placebo with therapy;2;200;200;21;3,00;40,8791208791209;65,6230769230769;ptsd;severe ptsd;parallel;double-blind;10.1038/s41591-021-01336-3;NCT03537014;Mitchell, J.M., Bogenschutz, M., Lilienstein, A., Harrison, C., Kleiman, S., Parker-Guilbert, K., Ot'alora G, M., Garas, W., Paleos, C., Gorman, I., Nicholas, C., Mithoefer, M., Carlin, S., Poulter, B., Mithoefer, A., Quevedo, S., Wells, G., Klaire, S.S., van der Kolk, B., Tzarfaty, K., Amiaz, R., Worthy, R., Shannon, S., Woolley, J.D., Marta, C., Gelfand, Y., Hapke, E., Amar, S., Wallach, Y., Brown, R., Hamilton, S., Wang, J.B., Coker, A., Matthews, R., de Boer, A., Yazar-Klosinski, B., Emerson, A., Doblin, R. (2021). MDMA-assisted therapy for severe PTSD: a randomized, double-blind, placebo-controlled phase 3 study. Nat Med, 27(6), 1025-1033. https://doi.org/10.1038/s41591-021-01336-3;Mitchell2021_remission_caps-5_Week8_8.00_clinician_mdma_pcb_NA_NA;-0,50036634225998045;0,478753535612198;0,8421827597204331;0,806566457614901;5;2;42;39
Mitchell 2021;mdma;pcb;NA;NA;remission;caps-5;clinician;ptsd;1;Post-third dose 1;Week 18;18,00;126;1;NA;NA;NA;NA;NA;NA;NA;NA;NA;NA;NA;NA;NA;14;42;2;37;44,0;6,0100000000000;46;44,2;6,15000000000000;44;Low;Low;Low;Low;Low;Low;2021;MDMA;placebo;120 mg;120 mg;MDMA-assisted therapy;placebo with therapy;3;320;320;63;9,00;40,8791208791209;65,6230769230769;ptsd;severe ptsd;parallel;double-blind;10.1038/s41591-021-01336-3;NCT03537014;Mitchell, J.M., Bogenschutz, M., Lilienstein, A., Harrison, C., Kleiman, S., Parker-Guilbert, K., Ot'alora G, M., Garas, W., Paleos, C., Gorman, I., Nicholas, C., Mithoefer, M., Carlin, S., Poulter, B., Mithoefer, A., Quevedo, S., Wells, G., Klaire, S.S., van der Kolk, B., Tzarfaty, K., Amiaz, R., Worthy, R., Shannon, S., Woolley, J.D., Marta, C., Gelfand, Y., Hapke, E., Amar, S., Wallach, Y., Brown, R., Hamilton, S., Wang, J.B., Coker, A., Matthews, R., de Boer, A., Yazar-Klosinski, B., Emerson, A., Doblin, R. (2021). MDMA-assisted therapy for severe PTSD: a randomized, double-blind, placebo-controlled phase 3 study. Nat Med, 27(6), 1025-1033. https://doi.org/10.1038/s41591-021-01336-3;Mitchell2021_remission_caps-5_Week18_18.00_clinician_mdma_pcb_NA_NA;-1,18417603304079844;0,439583861920276;1,8191584434161694;0,721520630745941;14;2;42;37
Mitchell 2023;mdma;pcb;NA;NA;change;caps-5;clinician;ptsd;0;Post-third dose 1;Week 18;18,00;126;0;NA;NA;NA;NA;NA;NA;NA;52;-23,7;11,957185352304;42;-14,8;11,5727512471569;NA;NA;NA;NA;39,5;13,1041978007049;53;38,7;7,77817459305202;50;Low;Low;Low;Low;Low;Low;2023;MDMA;placebo;120 mg;120 mg;MDMA-AT;placebo with therapy;3;320;320;63;9,00;39,0826923076923;71,1884615384615;ptsd;moderate to severe ptsd;parallel;double-blind;10.1038/s41591-023-02565-4;NCT04077437;Mitchell, J.M., Ot'alora G, M., van der Kolk, B., Shannon, S., Bogenschutz, M., Gelfand, Y., Paleos, C., Nicholas, C.R., Quevedo, S., Balliett, B., Hamilton, S., Mithoefer, M., Kleiman, S., Parker-Guilbert, K., Tzarfaty, K., Harrison, C., de Boer, A., Doblin, R., Yazar-Klosinski, B. (2023). MDMA-assisted therapy for moderate to severe PTSD: a randomized, placebo-controlled phase 3 trial. Nat Med, 29(10), 2473-2480, https://doi.org/10.1038/s41591-023-02565-4;Mitchell2023_change_caps-5_Week18_18.00_clinician_mdma_pcb_NA_NA;-0,74887084989841535;0,214645487233101;NA;NA;NA;NA;NA;NA
Mitchell 2023;mdma;pcb;NA;NA;msd;caps-5;clinician;ptsd;1;Post-first dose 1;Week 4;4,00;28;0;NA;53;28,1;13,8322087896330;50;31,5;9,19238815542512;NA;NA;NA;NA;NA;NA;NA;NA;NA;NA;39,5;13,1041978007049;53;38,7;7,77817459305202;50;Low;Low;Low;Low;Low;Low;2023;MDMA;placebo;80 mg;80 mg;MDMA-AT;placebo with therapy;1;80;80;21;3,00;39,0826923076923;71,1884615384615;ptsd;moderate to severe ptsd;parallel;double-blind;10.1038/s41591-023-02565-4;NCT04077437;Mitchell, J.M., Ot'alora G, M., van der Kolk, B., Shannon, S., Bogenschutz, M., Gelfand, Y., Paleos, C., Nicholas, C.R., Quevedo, S., Balliett, B., Hamilton, S., Mithoefer, M., Kleiman, S., Parker-Guilbert, K., Tzarfaty, K., Harrison, C., de Boer, A., Doblin, R., Yazar-Klosinski, B. (2023). MDMA-assisted therapy for moderate to severe PTSD: a randomized, placebo-controlled phase 3 trial. Nat Med, 29(10), 2473-2480, https://doi.org/10.1038/s41591-023-02565-4;Mitchell2023_msd_caps-5_Week4_4.00_clinician_mdma_pcb_NA_NA;-0,28572240202760912;0,198167072976823;NA;NA;NA;NA;NA;NA
Mitchell 2023;mdma;pcb;NA;NA;msd;caps-5;clinician;ptsd;1;Post-second dose 1;Week 8;8,00;56;0;NA;53;20,8;13,1041978007049;44;27,7;11,93984924527944;NA;NA;NA;NA;NA;NA;NA;NA;NA;NA;39,5;13,1041978007049;53;38,7;7,77817459305202;50;Low;Low;Low;Low;Low;Low;2023;MDMA;placebo;120 mg;120 mg;MDMA-AT;placebo with therapy;2;200;200;21;3,00;39,0826923076923;71,1884615384615;ptsd;moderate to severe ptsd;parallel;double-blind;10.1038/s41591-023-02565-4;NCT04077437;Mitchell, J.M., Ot'alora G, M., van der Kolk, B., Shannon, S., Bogenschutz, M., Gelfand, Y., Paleos, C., Nicholas, C.R., Quevedo, S., Balliett, B., Hamilton, S., Mithoefer, M., Kleiman, S., Parker-Guilbert, K., Tzarfaty, K., Harrison, C., de Boer, A., Doblin, R., Yazar-Klosinski, B. (2023). MDMA-assisted therapy for moderate to severe PTSD: a randomized, placebo-controlled phase 3 trial. Nat Med, 29(10), 2473-2480, https://doi.org/10.1038/s41591-023-02565-4;Mitchell2023_msd_caps-5_Week8_8.00_clinician_mdma_pcb_NA_NA;-0,54369327793767519;0,207709731608857;NA;NA;NA;NA;NA;NA
Mitchell 2023;mdma;pcb;NA;NA;msd;caps-5;clinician;ptsd;1;Post-third dose 1;Week 18;18,00;126;0;NA;52;15,8;12,2588743365776;42;23,3;12,96148139681572;NA;NA;NA;NA;NA;NA;NA;NA;NA;NA;39,5;13,1041978007049;53;38,7;7,77817459305202;50;Low;Low;Low;Low;Low;Low;2023;MDMA;placebo;120 mg;120 mg;MDMA-AT;placebo with therapy;3;320;320;63;9,00;39,0826923076923;71,1884615384615;ptsd;moderate to severe ptsd;parallel;double-blind;10.1038/s41591-023-02565-4;NCT04077437;Mitchell, J.M., Ot'alora G, M., van der Kolk, B., Shannon, S., Bogenschutz, M., Gelfand, Y., Paleos, C., Nicholas, C.R., Quevedo, S., Balliett, B., Hamilton, S., Mithoefer, M., Kleiman, S., Parker-Guilbert, K., Tzarfaty, K., Harrison, C., de Boer, A., Doblin, R., Yazar-Klosinski, B. (2023). MDMA-assisted therapy for moderate to severe PTSD: a randomized, placebo-controlled phase 3 trial. Nat Med, 29(10), 2473-2480, https://doi.org/10.1038/s41591-023-02565-4;Mitchell2023_msd_caps-5_Week18_18.00_clinician_mdma_pcb_NA_NA;-0,59145945024125568;0,211971363350027;NA;NA;NA;NA;NA;NA
Mitchell 2023;mdma;pcb;NA;NA;response;caps-5;clinician;ptsd;1;Post-first dose 1;Week 4;4,00;28;0;NA;NA;NA;NA;NA;NA;NA;NA;NA;NA;NA;NA;NA;28;53;21;50;39,5;13,1041978007049;53;38,7;7,77817459305202;50;Low;Low;Low;Low;Low;Low;2023;MDMA;placebo;80 mg;80 mg;MDMA-AT;placebo with therapy;1;80;80;21;3,00;39,0826923076923;71,1884615384615;ptsd;moderate to severe ptsd;parallel;double-blind;10.1038/s41591-023-02565-4;NCT04077437;Mitchell, J.M., Ot'alora G, M., van der Kolk, B., Shannon, S., Bogenschutz, M., Gelfand, Y., Paleos, C., Nicholas, C.R., Quevedo, S., Balliett, B., Hamilton, S., Mithoefer, M., Kleiman, S., Parker-Guilbert, K., Tzarfaty, K., Harrison, C., de Boer, A., Doblin, R., Yazar-Klosinski, B. (2023). MDMA-assisted therapy for moderate to severe PTSD: a randomized, placebo-controlled phase 3 trial. Nat Med, 29(10), 2473-2480, https://doi.org/10.1038/s41591-023-02565-4;Mitchell2023_response_caps-5_Week4_4.00_clinician_mdma_pcb_NA_NA;-0,23864583297056741;0,219021322486576;0,2294131643278051;0,210868226162766;28;21;53;50
Mitchell 2023;mdma;pcb;NA;NA;response;caps-5;clinician;ptsd;1;Post-second dose 1;Week 8;8,00;56;0;NA;NA;NA;NA;NA;NA;NA;NA;NA;NA;NA;NA;NA;41;53;25;44;39,5;13,1041978007049;53;38,7;7,77817459305202;50;Low;Low;Low;Low;Low;Low;2023;MDMA;placebo;120 mg;120 mg;MDMA-AT;placebo with therapy;2;200;200;21;3,00;39,0826923076923;71,1884615384615;ptsd;moderate to severe ptsd;parallel;double-blind;10.1038/s41591-023-02565-4;NCT04077437;Mitchell, J.M., Ot'alora G, M., van der Kolk, B., Shannon, S., Bogenschutz, M., Gelfand, Y., Paleos, C., Nicholas, C.R., Quevedo, S., Balliett, B., Hamilton, S., Mithoefer, M., Kleiman, S., Parker-Guilbert, K., Tzarfaty, K., Harrison, C., de Boer, A., Doblin, R., Yazar-Klosinski, B. (2023). MDMA-assisted therapy for moderate to severe PTSD: a randomized, placebo-controlled phase 3 trial. Nat Med, 29(10), 2473-2480, https://doi.org/10.1038/s41591-023-02565-4;Mitchell2023_response_caps-5_Week8_8.00_clinician_mdma_pcb_NA_NA;-0,52192945340239916;0,246780600371998;0,3085939622022464;0,150980285623205;41;25;53;44
Mitchell 2023;mdma;pcb;NA;NA;response;caps-5;clinician;ptsd;1;Post-third dose 1;Week 18;18,00;126;0;NA;NA;NA;NA;NA;NA;NA;NA;NA;NA;NA;NA;NA;45;52;29;42;39,5;13,1041978007049;53;38,7;7,77817459305202;50;Low;Low;Low;Low;Low;Low;2023;MDMA;placebo;120 mg;120 mg;MDMA-AT;placebo with therapy;3;320;320;63;9,00;39,0826923076923;71,1884615384615;ptsd;moderate to severe ptsd;parallel;double-blind;10.1038/s41591-023-02565-4;NCT04077437;Mitchell, J.M., Ot'alora G, M., van der Kolk, B., Shannon, S., Bogenschutz, M., Gelfand, Y., Paleos, C., Nicholas, C.R., Quevedo, S., Balliett, B., Hamilton, S., Mithoefer, M., Kleiman, S., Parker-Guilbert, K., Tzarfaty, K., Harrison, C., de Boer, A., Doblin, R., Yazar-Klosinski, B. (2023). MDMA-assisted therapy for moderate to severe PTSD: a randomized, placebo-controlled phase 3 trial. Nat Med, 29(10), 2473-2480, https://doi.org/10.1038/s41591-023-02565-4;Mitchell2023_response_caps-5_Week18_18.00_clinician_mdma_pcb_NA_NA;-0,57875974035708777;0,289898988201364;0,2257925594857867;0,116896055547734;45;29;52;42
Mitchell 2023;mdma;pcb;NA;NA;remission;caps-5;clinician;ptsd;1;Post-first dose 1;Week 4;4,00;28;0;NA;NA;NA;NA;NA;NA;NA;NA;NA;NA;NA;NA;NA;5;53;1;50;39,5;13,1041978007049;53;38,7;7,77817459305202;50;Low;Low;Low;Low;Low;Low;2023;MDMA;placebo;80 mg;80 mg;MDMA-AT;placebo with therapy;1;80;80;21;3,00;39,0826923076923;71,1884615384615;ptsd;moderate to severe ptsd;parallel;double-blind;10.1038/s41591-023-02565-4;NCT04077437;Mitchell, J.M., Ot'alora G, M., van der Kolk, B., Shannon, S., Bogenschutz, M., Gelfand, Y., Paleos, C., Nicholas, C.R., Quevedo, S., Balliett, B., Hamilton, S., Mithoefer, M., Kleiman, S., Parker-Guilbert, K., Tzarfaty, K., Harrison, C., de Boer, A., Doblin, R., Yazar-Klosinski, B. (2023). MDMA-assisted therapy for moderate to severe PTSD: a randomized, placebo-controlled phase 3 trial. Nat Med, 29(10), 2473-2480, https://doi.org/10.1038/s41591-023-02565-4;Mitchell2023_remission_caps-5_Week4_4.00_clinician_mdma_pcb_NA_NA;-0,89200757851128176;0,614241135763539;1,5511690043101247;1,077558386108010;5;1;53;50
Mitchell 2023;mdma;pcb;NA;NA;remission;caps-5;clinician;ptsd;1;Post-second dose 1;Week 8;8,00;56;0;NA;NA;NA;NA;NA;NA;NA;NA;NA;NA;NA;NA;NA;14;53;5;44;39,5;13,1041978007049;53;38,7;7,77817459305202;50;Low;Low;Low;Low;Low;Low;2023;MDMA;placebo;120 mg;120 mg;MDMA-AT;placebo with therapy;2;200;200;21;3,00;39,0826923076923;71,1884615384615;ptsd;moderate to severe ptsd;parallel;double-blind;10.1038/s41591-023-02565-4;NCT04077437;Mitchell, J.M., Ot'alora G, M., van der Kolk, B., Shannon, S., Bogenschutz, M., Gelfand, Y., Paleos, C., Nicholas, C.R., Quevedo, S., Balliett, B., Hamilton, S., Mithoefer, M., Kleiman, S., Parker-Guilbert, K., Tzarfaty, K., Harrison, C., de Boer, A., Doblin, R., Yazar-Klosinski, B. (2023). MDMA-assisted therapy for moderate to severe PTSD: a randomized, placebo-controlled phase 3 trial. Nat Med, 29(10), 2473-2480, https://doi.org/10.1038/s41591-023-02565-4;Mitchell2023_remission_caps-5_Week8_8.00_clinician_mdma_pcb_NA_NA;-0,56316559347816164;0,313196849921880;0,8435171375472975;0,479409401423248;14;5;53;44
Mitchell 2023;mdma;pcb;NA;NA;remission;caps-5;clinician;ptsd;1;Post-third dose 1;Week 18;18,00;126;0;NA;NA;NA;NA;NA;NA;NA;NA;NA;NA;NA;NA;NA;24;52;9;42;39,5;13,1041978007049;53;38,7;7,77817459305202;50;Low;Low;Low;Low;Low;Low;2023;MDMA;placebo;120 mg;120 mg;MDMA-AT;placebo with therapy;3;320;320;63;9,00;39,0826923076923;71,1884615384615;ptsd;moderate to severe ptsd;parallel;double-blind;10.1038/s41591-023-02565-4;NCT04077437;Mitchell, J.M., Ot'alora G, M., van der Kolk, B., Shannon, S., Bogenschutz, M., Gelfand, Y., Paleos, C., Nicholas, C.R., Quevedo, S., Balliett, B., Hamilton, S., Mithoefer, M., Kleiman, S., Parker-Guilbert, K., Tzarfaty, K., Harrison, C., de Boer, A., Doblin, R., Yazar-Klosinski, B. (2023). MDMA-assisted therapy for moderate to severe PTSD: a randomized, placebo-controlled phase 3 trial. Nat Med, 29(10), 2473-2480, https://doi.org/10.1038/s41591-023-02565-4;Mitchell2023_remission_caps-5_Week18_18.00_clinician_mdma_pcb_NA_NA;-0,62618367398724706;0,257887055967076;0,7672551527136674;0,331266485985958;24;9;52;42
Mithoefer 2018;mdma;mdma;125 mg;75 mg;change;caps-iv;clinician;ptsd;0;Post-second dose 1;Month 1 after second experimental session;8,00;56;1;0;NA;NA;NA;NA;NA;NA;12;-44,3;28,700000000000;7;-58,3;9,8000000000000;NA;NA;NA;NA;89,7;17,3000000000000;12;82,4;17,30000000000000;7;Low;Low;Low;Low;Low;Low;2018;MDMA;MDMA;125 mg;75 mg;125 mg group;75 mg group;2;250;150;28;4,00;36,4263157894737;26,0000000000000;ptsd;veterans, firefighters, or police officers with chronic ptsd resulting from traumatic experience during their service;crossover;double-blind;10.1016/S2215-0366(18)30135-4;NCT01211405;Mithoefer, M.C., Mithoefer, A.T., Feduccia, A.A., Jerome, L., Wagner, M., Wymer, J., Holland, J., Hamilton, S., Yazar-Klosinski, B., Emerson, A., Doblin, R. (2018). 3,4-methylenedioxymethamphetamine (MDMA)-assisted psychotherapy for post-traumatic stress disorder in military veterans, firefighters, and police officers: a randomised, double-blind, dose-response, phase 2 clinical trial. Lancet Psychiatry, 5(6), 486-497. https://doi.org/10.1016/S2215-0366(18)30135-4;Mithoefer2018_change_caps-iv_Month1aftersecondexperimentalsession_8.00_clinician_mdma_mdma_125mg_75mg;0,56168208058431368;0,485066326089234;NA;NA;NA;NA;NA;NA
Mithoefer 2018;mdma;mdma;125 mg;30 mg;change;caps-iv;clinician;ptsd;0;Post-second dose 1;Month 1 after second experimental session;8,00;56;1;0;NA;NA;NA;NA;NA;NA;12;-44,3;28,700000000000;7;-11,4;12,7000000000000;NA;NA;NA;NA;89,7;17,3000000000000;12;87,4;14,10000000000000;7;Low;Low;Low;Low;Low;Low;2018;MDMA;MDMA;125 mg;30 mg;125 mg group;30 mg group;2;250;60;28;4,00;40,1473684210526;31,5263157894737;ptsd;veterans, firefighters, or police officers with chronic ptsd resulting from traumatic experience during their service;crossover;double-blind;10.1016/S2215-0366(18)30135-4;NCT01211405;Mithoefer, M.C., Mithoefer, A.T., Feduccia, A.A., Jerome, L., Wagner, M., Wymer, J., Holland, J., Hamilton, S., Yazar-Klosinski, B., Emerson, A., Doblin, R. (2018). 3,4-methylenedioxymethamphetamine (MDMA)-assisted psychotherapy for post-traumatic stress disorder in military veterans, firefighters, and police officers: a randomised, double-blind, dose-response, phase 2 clinical trial. Lancet Psychiatry, 5(6), 486-497. https://doi.org/10.1016/S2215-0366(18)30135-4;Mithoefer2018_change_caps-iv_Month1aftersecondexperimentalsession_8.00_clinician_mdma_mdma_125mg_30mg;-1,29393130904660048;0,523905797758042;NA;NA;NA;NA;NA;NA
Mithoefer 2018;mdma;mdma;75 mg;30 mg;change;caps-iv;clinician;ptsd;0;Post-second dose 1;Month 1 after second experimental session;8,00;56;1;0;NA;NA;NA;NA;NA;NA;7;-58,3;9,800000000000;7;-11,4;12,7000000000000;NA;NA;NA;NA;82,4;17,3000000000000;7;87,4;14,10000000000000;7;Low;Low;Low;Low;Low;Low;2018;MDMA;MDMA;75 mg;30 mg;75 mg group;30 mg group;2;150;60;28;4,00;34,1500000000000;21,5000000000000;ptsd;veterans, firefighters, or police officers with chronic ptsd resulting from traumatic experience during their service;crossover;double-blind;10.1016/S2215-0366(18)30135-4;NCT01211405;Mithoefer, M.C., Mithoefer, A.T., Feduccia, A.A., Jerome, L., Wagner, M., Wymer, J., Holland, J., Hamilton, S., Yazar-Klosinski, B., Emerson, A., Doblin, R. (2018). 3,4-methylenedioxymethamphetamine (MDMA)-assisted psychotherapy for post-traumatic stress disorder in military veterans, firefighters, and police officers: a randomised, double-blind, dose-response, phase 2 clinical trial. Lancet Psychiatry, 5(6), 486-497. https://doi.org/10.1016/S2215-0366(18)30135-4;Mithoefer2018_change_caps-iv_Month1aftersecondexperimentalsession_8.00_clinician_mdma_mdma_75mg_30mg;-3,87077073672059990;0,946716806989775;NA;NA;NA;NA;NA;NA
Mithoefer 2018;mdma;mdma;125 mg;75 mg;msd;caps-iv;clinician;ptsd;1;Post-second dose 1;Month 1 after second experimental session;8,00;56;1;0;12;45,3;33,8000000000000;7;24,1;17,20000000000000;NA;NA;NA;NA;NA;NA;NA;NA;NA;NA;89,7;17,3000000000000;12;82,4;17,30000000000000;7;Low;Low;Low;Low;Low;Low;2018;MDMA;MDMA;125 mg;75 mg;125 mg group;75 mg group;2;250;150;28;4,00;36,4263157894737;26,0000000000000;ptsd;veterans, firefighters, or police officers with chronic ptsd resulting from traumatic experience during their service;crossover;double-blind;10.1016/S2215-0366(18)30135-4;NCT01211405;Mithoefer, M.C., Mithoefer, A.T., Feduccia, A.A., Jerome, L., Wagner, M., Wymer, J., Holland, J., Hamilton, S., Yazar-Klosinski, B., Emerson, A., Doblin, R. (2018). 3,4-methylenedioxymethamphetamine (MDMA)-assisted psychotherapy for post-traumatic stress disorder in military veterans, firefighters, and police officers: a randomised, double-blind, dose-response, phase 2 clinical trial. Lancet Psychiatry, 5(6), 486-497. https://doi.org/10.1016/S2215-0366(18)30135-4;Mithoefer2018_msd_caps-iv_Month1aftersecondexperimentalsession_8.00_clinician_mdma_mdma_125mg_75mg;0,69720814287240929;0,490112156290441;NA;NA;NA;NA;NA;NA
Mithoefer 2018;mdma;mdma;125 mg;30 mg;msd;caps-iv;clinician;ptsd;1;Post-second dose 1;Month 1 after second experimental session;8,00;56;1;0;12;45,3;33,8000000000000;7;76,0;23,40000000000000;NA;NA;NA;NA;NA;NA;NA;NA;NA;NA;89,7;17,3000000000000;12;87,4;14,10000000000000;7;Low;Low;Low;Low;Low;Low;2018;MDMA;MDMA;125 mg;30 mg;125 mg group;30 mg group;2;250;60;28;4,00;40,1473684210526;31,5263157894737;ptsd;veterans, firefighters, or police officers with chronic ptsd resulting from traumatic experience during their service;crossover;double-blind;10.1016/S2215-0366(18)30135-4;NCT01211405;Mithoefer, M.C., Mithoefer, A.T., Feduccia, A.A., Jerome, L., Wagner, M., Wymer, J., Holland, J., Hamilton, S., Yazar-Klosinski, B., Emerson, A., Doblin, R. (2018). 3,4-methylenedioxymethamphetamine (MDMA)-assisted psychotherapy for post-traumatic stress disorder in military veterans, firefighters, and police officers: a randomised, double-blind, dose-response, phase 2 clinical trial. Lancet Psychiatry, 5(6), 486-497. https://doi.org/10.1016/S2215-0366(18)30135-4;Mithoefer2018_msd_caps-iv_Month1aftersecondexperimentalsession_8.00_clinician_mdma_mdma_125mg_30mg;-0,96033605846363124;0,502780959933676;NA;NA;NA;NA;NA;NA
Mithoefer 2018;mdma;mdma;75 mg;30 mg;msd;caps-iv;clinician;ptsd;1;Post-second dose 1;Month 1 after second experimental session;8,00;56;1;0;7;24,1;17,2000000000000;7;76,0;23,40000000000000;NA;NA;NA;NA;NA;NA;NA;NA;NA;NA;82,4;17,3000000000000;7;87,4;14,10000000000000;7;Low;Low;Low;Low;Low;Low;2018;MDMA;MDMA;75 mg;30 mg;75 mg group;30 mg group;2;150;60;28;4,00;34,1500000000000;21,5000000000000;ptsd;veterans, firefighters, or police officers with chronic ptsd resulting from traumatic experience during their service;crossover;double-blind;10.1016/S2215-0366(18)30135-4;NCT01211405;Mithoefer, M.C., Mithoefer, A.T., Feduccia, A.A., Jerome, L., Wagner, M., Wymer, J., Holland, J., Hamilton, S., Yazar-Klosinski, B., Emerson, A., Doblin, R. (2018). 3,4-methylenedioxymethamphetamine (MDMA)-assisted psychotherapy for post-traumatic stress disorder in military veterans, firefighters, and police officers: a randomised, double-blind, dose-response, phase 2 clinical trial. Lancet Psychiatry, 5(6), 486-497. https://doi.org/10.1016/S2215-0366(18)30135-4;Mithoefer2018_msd_caps-iv_Month1aftersecondexperimentalsession_8.00_clinician_mdma_mdma_75mg_30mg;-2,36603070247421021;0,716825914415980;NA;NA;NA;NA;NA;NA
Mithoefer 2018;mdma;mdma;125 mg;75 mg;msd;caps-iv;clinician;ptsd;1;Follow-up 1;Month 12;52,18;365;0;1;12;37,8;21,4000000000000;7;28,3;23,00000000000000;NA;NA;NA;NA;NA;NA;NA;NA;NA;NA;89,7;17,3000000000000;12;82,4;17,30000000000000;7;Low;Low;Low;Low;Low;Low;2018;MDMA;MDMA;125 mg;75 mg;125 mg group;75 mg group;0;0;0;NA;NA;36,4263157894737;26,0000000000000;ptsd;veterans, firefighters, or police officers with chronic ptsd resulting from traumatic experience during their service;crossover;double-blind;10.1016/S2215-0366(18)30135-4;NCT01211405;Mithoefer, M.C., Mithoefer, A.T., Feduccia, A.A., Jerome, L., Wagner, M., Wymer, J., Holland, J., Hamilton, S., Yazar-Klosinski, B., Emerson, A., Doblin, R. (2018). 3,4-methylenedioxymethamphetamine (MDMA)-assisted psychotherapy for post-traumatic stress disorder in military veterans, firefighters, and police officers: a randomised, double-blind, dose-response, phase 2 clinical trial. Lancet Psychiatry, 5(6), 486-497. https://doi.org/10.1016/S2215-0366(18)30135-4;Mithoefer2018_msd_caps-iv_Month12_52.18_clinician_mdma_mdma_125mg_75mg;0,41289573988701977;0,480736232377508;NA;NA;NA;NA;NA;NA
Mithoefer 2018;mdma;mdma;125 mg;30 mg;msd;caps-iv;clinician;ptsd;1;Follow-up 1;Month 12;52,18;365;0;1;12;37,8;21,4000000000000;7;52,7;41,20000000000000;NA;NA;NA;NA;NA;NA;NA;NA;NA;NA;89,7;17,3000000000000;12;87,4;14,10000000000000;7;Low;Low;Low;Low;Low;Low;2018;MDMA;MDMA;125 mg;30 mg;125 mg group;30 mg group;0;0;0;NA;NA;40,1473684210526;31,5263157894737;ptsd;veterans, firefighters, or police officers with chronic ptsd resulting from traumatic experience during their service;crossover;double-blind;10.1016/S2215-0366(18)30135-4;NCT01211405;Mithoefer, M.C., Mithoefer, A.T., Feduccia, A.A., Jerome, L., Wagner, M., Wymer, J., Holland, J., Hamilton, S., Yazar-Klosinski, B., Emerson, A., Doblin, R. (2018). 3,4-methylenedioxymethamphetamine (MDMA)-assisted psychotherapy for post-traumatic stress disorder in military veterans, firefighters, and police officers: a randomised, double-blind, dose-response, phase 2 clinical trial. Lancet Psychiatry, 5(6), 486-497. https://doi.org/10.1016/S2215-0366(18)30135-4;Mithoefer2018_msd_caps-iv_Month12_52.18_clinician_mdma_mdma_125mg_30mg;-0,47563870557199939;0,482405612048798;NA;NA;NA;NA;NA;NA
Mithoefer 2018;mdma;mdma;75 mg;30 mg;msd;caps-iv;clinician;ptsd;1;Follow-up 1;Month 12;52,18;365;0;1;7;28,3;23,0000000000000;7;52,7;41,20000000000000;NA;NA;NA;NA;NA;NA;NA;NA;NA;NA;82,4;17,3000000000000;7;87,4;14,10000000000000;7;Low;Low;Low;Low;Low;Low;2018;MDMA;MDMA;75 mg;30 mg;75 mg group;30 mg group;0;0;0;NA;NA;34,1500000000000;21,5000000000000;ptsd;veterans, firefighters, or police officers with chronic ptsd resulting from traumatic experience during their service;crossover;double-blind;10.1016/S2215-0366(18)30135-4;NCT01211405;Mithoefer, M.C., Mithoefer, A.T., Feduccia, A.A., Jerome, L., Wagner, M., Wymer, J., Holland, J., Hamilton, S., Yazar-Klosinski, B., Emerson, A., Doblin, R. (2018). 3,4-methylenedioxymethamphetamine (MDMA)-assisted psychotherapy for post-traumatic stress disorder in military veterans, firefighters, and police officers: a randomised, double-blind, dose-response, phase 2 clinical trial. Lancet Psychiatry, 5(6), 486-497. https://doi.org/10.1016/S2215-0366(18)30135-4;Mithoefer2018_msd_caps-iv_Month12_52.18_clinician_mdma_mdma_75mg_30mg;-0,68462719253471394;0,552100176360551;NA;NA;NA;NA;NA;NA
Mithoefer 2018;mdma;mdma;125 mg;75 mg;response;caps-iv;clinician;ptsd;1;Post-second dose 1;Month 1 after second experimental session;8,00;56;1;0;NA;NA;NA;NA;NA;NA;NA;NA;NA;NA;NA;NA;8;12;7;7;89,7;17,3000000000000;12;82,4;17,30000000000000;7;Low;Low;Low;Low;Low;Low;2018;MDMA;MDMA;125 mg;75 mg;125 mg group;75 mg group;2;250;150;28;4,00;36,4263157894737;26,0000000000000;ptsd;veterans, firefighters, or police officers with chronic ptsd resulting from traumatic experience during their service;crossover;double-blind;10.1016/S2215-0366(18)30135-4;NCT01211405;Mithoefer, M.C., Mithoefer, A.T., Feduccia, A.A., Jerome, L., Wagner, M., Wymer, J., Holland, J., Hamilton, S., Yazar-Klosinski, B., Emerson, A., Doblin, R. (2018). 3,4-methylenedioxymethamphetamine (MDMA)-assisted psychotherapy for post-traumatic stress disorder in military veterans, firefighters, and police officers: a randomised, double-blind, dose-response, phase 2 clinical trial. Lancet Psychiatry, 5(6), 486-497. https://doi.org/10.1016/S2215-0366(18)30135-4;Mithoefer2018_response_caps-iv_Month1aftersecondexperimentalsession_8.00_clinician_mdma_mdma_125mg_75mg;NA;NA;-0,4054651081081644;0,204124145231932;8;7;12;7
Mithoefer 2018;mdma;mdma;125 mg;30 mg;response;caps-iv;clinician;ptsd;1;Post-second dose 1;Month 1 after second experimental session;8,00;56;1;0;NA;NA;NA;NA;NA;NA;NA;NA;NA;NA;NA;NA;8;12;2;7;89,7;17,3000000000000;12;87,4;14,10000000000000;7;Low;Low;Low;Low;Low;Low;2018;MDMA;MDMA;125 mg;30 mg;125 mg group;30 mg group;2;250;60;28;4,00;40,1473684210526;31,5263157894737;ptsd;veterans, firefighters, or police officers with chronic ptsd resulting from traumatic experience during their service;crossover;double-blind;10.1016/S2215-0366(18)30135-4;NCT01211405;Mithoefer, M.C., Mithoefer, A.T., Feduccia, A.A., Jerome, L., Wagner, M., Wymer, J., Holland, J., Hamilton, S., Yazar-Klosinski, B., Emerson, A., Doblin, R. (2018). 3,4-methylenedioxymethamphetamine (MDMA)-assisted psychotherapy for post-traumatic stress disorder in military veterans, firefighters, and police officers: a randomised, double-blind, dose-response, phase 2 clinical trial. Lancet Psychiatry, 5(6), 486-497. https://doi.org/10.1016/S2215-0366(18)30135-4;Mithoefer2018_response_caps-iv_Month1aftersecondexperimentalsession_8.00_clinician_mdma_mdma_125mg_30mg;-0,84759844920572880;0,571629965315447;0,8472978603872037;0,631513676660707;8;2;12;7
Mithoefer 2018;mdma;mdma;75 mg;30 mg;response;caps-iv;clinician;ptsd;1;Post-second dose 1;Month 1 after second experimental session;8,00;56;1;0;NA;NA;NA;NA;NA;NA;NA;NA;NA;NA;NA;NA;7;7;2;7;82,4;17,3000000000000;7;87,4;14,10000000000000;7;Low;Low;Low;Low;Low;Low;2018;MDMA;MDMA;75 mg;30 mg;75 mg group;30 mg group;2;150;60;28;4,00;34,1500000000000;21,5000000000000;ptsd;veterans, firefighters, or police officers with chronic ptsd resulting from traumatic experience during their service;crossover;double-blind;10.1016/S2215-0366(18)30135-4;NCT01211405;Mithoefer, M.C., Mithoefer, A.T., Feduccia, A.A., Jerome, L., Wagner, M., Wymer, J., Holland, J., Hamilton, S., Yazar-Klosinski, B., Emerson, A., Doblin, R. (2018). 3,4-methylenedioxymethamphetamine (MDMA)-assisted psychotherapy for post-traumatic stress disorder in military veterans, firefighters, and police officers: a randomised, double-blind, dose-response, phase 2 clinical trial. Lancet Psychiatry, 5(6), 486-497. https://doi.org/10.1016/S2215-0366(18)30135-4;Mithoefer2018_response_caps-iv_Month1aftersecondexperimentalsession_8.00_clinician_mdma_mdma_75mg_30mg;NA;NA;1,2527629684953681;0,597614304667197;7;2;7;7
Mithoefer 2018;mdma;mdma;125 mg;75 mg;remission;caps-iv;clinician;ptsd;1;Post-second dose 1;Month 1 after second experimental session;8,00;56;1;0;NA;NA;NA;NA;NA;NA;NA;NA;NA;NA;NA;NA;7;12;6;7;89,7;17,3000000000000;12;82,4;17,30000000000000;7;Low;Low;Low;Low;Low;Low;2018;MDMA;MDMA;125 mg;75 mg;125 mg group;75 mg group;2;250;150;28;4,00;36,4263157894737;26,0000000000000;ptsd;veterans, firefighters, or police officers with chronic ptsd resulting from traumatic experience during their service;crossover;double-blind;10.1016/S2215-0366(18)30135-4;NCT01211405;Mithoefer, M.C., Mithoefer, A.T., Feduccia, A.A., Jerome, L., Wagner, M., Wymer, J., Holland, J., Hamilton, S., Yazar-Klosinski, B., Emerson, A., Doblin, R. (2018). 3,4-methylenedioxymethamphetamine (MDMA)-assisted psychotherapy for post-traumatic stress disorder in military veterans, firefighters, and police officers: a randomised, double-blind, dose-response, phase 2 clinical trial. Lancet Psychiatry, 5(6), 486-497. https://doi.org/10.1016/S2215-0366(18)30135-4;Mithoefer2018_remission_caps-iv_Month1aftersecondexperimentalsession_8.00_clinician_mdma_mdma_125mg_75mg;0,76641614564734728;0,677377455597490;-0,3848458209054285;0,288675134594813;7;6;12;7
Mithoefer 2018;mdma;mdma;125 mg;30 mg;remission;caps-iv;clinician;ptsd;1;Post-second dose 1;Month 1 after second experimental session;8,00;56;1;0;NA;NA;NA;NA;NA;NA;NA;NA;NA;NA;NA;NA;7;12;2;7;89,7;17,3000000000000;12;87,4;14,10000000000000;7;Low;Low;Low;Low;Low;Low;2018;MDMA;MDMA;125 mg;30 mg;125 mg group;30 mg group;2;250;60;28;4,00;40,1473684210526;31,5263157894737;ptsd;veterans, firefighters, or police officers with chronic ptsd resulting from traumatic experience during their service;crossover;double-blind;10.1016/S2215-0366(18)30135-4;NCT01211405;Mithoefer, M.C., Mithoefer, A.T., Feduccia, A.A., Jerome, L., Wagner, M., Wymer, J., Holland, J., Hamilton, S., Yazar-Klosinski, B., Emerson, A., Doblin, R. (2018). 3,4-methylenedioxymethamphetamine (MDMA)-assisted psychotherapy for post-traumatic stress disorder in military veterans, firefighters, and police officers: a randomised, double-blind, dose-response, phase 2 clinical trial. Lancet Psychiatry, 5(6), 486-497. https://doi.org/10.1016/S2215-0366(18)30135-4;Mithoefer2018_remission_caps-iv_Month1aftersecondexperimentalsession_8.00_clinician_mdma_mdma_125mg_30mg;-0,65975825542292688;0,563019147323123;0,7137664677626812;0,645497224367903;7;2;12;7
Mithoefer 2018;mdma;mdma;75 mg;30 mg;remission;caps-iv;clinician;ptsd;1;Post-second dose 1;Month 1 after second experimental session;8,00;56;1;0;NA;NA;NA;NA;NA;NA;NA;NA;NA;NA;NA;NA;6;7;2;7;82,4;17,3000000000000;7;87,4;14,10000000000000;7;Low;Low;Low;Low;Low;Low;2018;MDMA;MDMA;75 mg;30 mg;75 mg group;30 mg group;2;150;60;28;4,00;34,1500000000000;21,5000000000000;ptsd;veterans, firefighters, or police officers with chronic ptsd resulting from traumatic experience during their service;crossover;double-blind;10.1016/S2215-0366(18)30135-4;NCT01211405;Mithoefer, M.C., Mithoefer, A.T., Feduccia, A.A., Jerome, L., Wagner, M., Wymer, J., Holland, J., Hamilton, S., Yazar-Klosinski, B., Emerson, A., Doblin, R. (2018). 3,4-methylenedioxymethamphetamine (MDMA)-assisted psychotherapy for post-traumatic stress disorder in military veterans, firefighters, and police officers: a randomised, double-blind, dose-response, phase 2 clinical trial. Lancet Psychiatry, 5(6), 486-497. https://doi.org/10.1016/S2215-0366(18)30135-4;Mithoefer2018_remission_caps-iv_Month1aftersecondexperimentalsession_8.00_clinician_mdma_mdma_75mg_30mg;-1,39772677338935125;0,753258672965066;1,0986122886681098;0,617213399848368;6;2;7;7
Mithoefer 2018;mdma;mdma;125 mg;75 mg;remission;caps-iv;clinician;ptsd;1;Follow-up 1;Month 12;52,18;365;0;1;NA;NA;NA;NA;NA;NA;NA;NA;NA;NA;NA;NA;8;12;5;7;89,7;17,3000000000000;12;82,4;17,30000000000000;7;Low;Low;Low;Low;Low;Low;2018;MDMA;MDMA;125 mg;75 mg;125 mg group;75 mg group;0;0;0;NA;NA;36,4263157894737;26,0000000000000;ptsd;veterans, firefighters, or police officers with chronic ptsd resulting from traumatic experience during their service;crossover;double-blind;10.1016/S2215-0366(18)30135-4;NCT01211405;Mithoefer, M.C., Mithoefer, A.T., Feduccia, A.A., Jerome, L., Wagner, M., Wymer, J., Holland, J., Hamilton, S., Yazar-Klosinski, B., Emerson, A., Doblin, R. (2018). 3,4-methylenedioxymethamphetamine (MDMA)-assisted psychotherapy for post-traumatic stress disorder in military veterans, firefighters, and police officers: a randomised, double-blind, dose-response, phase 2 clinical trial. Lancet Psychiatry, 5(6), 486-497. https://doi.org/10.1016/S2215-0366(18)30135-4;Mithoefer2018_remission_caps-iv_Month12_52.18_clinician_mdma_mdma_125mg_75mg;0,11751688374119089;0,571629965315447;-0,0689928714869516;0,314339822182179;8;5;12;7
Mithoefer 2018;mdma;mdma;125 mg;30 mg;remission;caps-iv;clinician;ptsd;1;Follow-up 1;Month 12;52,18;365;0;1;NA;NA;NA;NA;NA;NA;NA;NA;NA;NA;NA;NA;8;12;3;7;89,7;17,3000000000000;12;87,4;14,10000000000000;7;Low;Low;Low;Low;Low;Low;2018;MDMA;MDMA;125 mg;30 mg;125 mg group;30 mg group;0;0;0;NA;NA;40,1473684210526;31,5263157894737;ptsd;veterans, firefighters, or police officers with chronic ptsd resulting from traumatic experience during their service;crossover;double-blind;10.1016/S2215-0366(18)30135-4;NCT01211405;Mithoefer, M.C., Mithoefer, A.T., Feduccia, A.A., Jerome, L., Wagner, M., Wymer, J., Holland, J., Hamilton, S., Yazar-Klosinski, B., Emerson, A., Doblin, R. (2018). 3,4-methylenedioxymethamphetamine (MDMA)-assisted psychotherapy for post-traumatic stress disorder in military veterans, firefighters, and police officers: a randomised, double-blind, dose-response, phase 2 clinical trial. Lancet Psychiatry, 5(6), 486-497. https://doi.org/10.1016/S2215-0366(18)30135-4;Mithoefer2018_remission_caps-iv_Month12_52.18_clinician_mdma_mdma_125mg_30mg;-0,51654639633226163;0,539720671247379;0,4418327522790392;0,481812055829716;8;3;12;7
Mithoefer 2018;mdma;mdma;75 mg;30 mg;remission;caps-iv;clinician;ptsd;1;Follow-up 1;Month 12;52,18;365;0;1;NA;NA;NA;NA;NA;NA;NA;NA;NA;NA;NA;NA;5;7;3;7;82,4;17,3000000000000;7;87,4;14,10000000000000;7;Low;Low;Low;Low;Low;Low;2018;MDMA;MDMA;75 mg;30 mg;75 mg group;30 mg group;0;0;0;NA;NA;34,1500000000000;21,5000000000000;ptsd;veterans, firefighters, or police officers with chronic ptsd resulting from traumatic experience during their service;crossover;double-blind;10.1016/S2215-0366(18)30135-4;NCT01211405;Mithoefer, M.C., Mithoefer, A.T., Feduccia, A.A., Jerome, L., Wagner, M., Wymer, J., Holland, J., Hamilton, S., Yazar-Klosinski, B., Emerson, A., Doblin, R. (2018). 3,4-methylenedioxymethamphetamine (MDMA)-assisted psychotherapy for post-traumatic stress disorder in military veterans, firefighters, and police officers: a randomised, double-blind, dose-response, phase 2 clinical trial. Lancet Psychiatry, 5(6), 486-497. https://doi.org/10.1016/S2215-0366(18)30135-4;Mithoefer2018_remission_caps-iv_Month12_52.18_clinician_mdma_mdma_75mg_30mg;-0,62141574124220023;0,624569097076537;0,5108256237659907;0,497613351528119;5;3;7;7
Oehen 2013;mdma;mdma;125 mg;25 mg;change;caps-iv;clinician;ptsd;0;Post-second dose 1;3 weeks after second dose;10,00;70;0;0;NA;NA;NA;NA;NA;NA;8;-3,4;12,000000000000;4;-3,3;9,9000000000000;NA;NA;NA;NA;66,4;13,6000000000000;8;63,4;7,90000000000000;4;Low;Low;Low;Low;Low;Low;2013;MDMA;MDMA;125 mg;25 mg;full dose;low dose;2;250;50;21;3,00;41,4000000000000;83,0000000000000;ptsd;chronic, treatment-resistant ptsd;crossover;double-blind;10.1177/0269881112464827;NCT00353938;Oehen, P., Traber, R., Widmer, V., Schnyder, U. (2013). A randomized, controlled pilot study of MDMA (± 3,4-Methylenedioxymethamphetamine)-assisted psychotherapy for treatment of resistant, chronic Post-Traumatic Stress Disorder (PTSD). J Psychopharmacol, 27(1), 40-52. https://doi.org/10.1177/0269881112464827;Oehen2013_change_caps-iv_3weeksafterseconddose_10.00_clinician_mdma_mdma_125mg_25mg;-0,00808960652614528;0,612375048586303;NA;NA;NA;NA;NA;NA
Oehen 2013;mdma;mdma;125 mg;25 mg;change;caps-iv;clinician;ptsd;0;Post-third dose 1;3 weeks after third dose;14,00;98;1;0;NA;NA;NA;NA;NA;NA;8;-15,6;18,100000000000;4;-3,2;15,3000000000000;NA;NA;NA;NA;66,4;13,6000000000000;8;63,4;7,90000000000000;4;Low;Low;Low;Low;Low;Low;2013;MDMA;MDMA;125 mg;25 mg;full dose;low dose;3;375;75;21;3,00;41,4000000000000;83,0000000000000;ptsd;chronic, treatment-resistant ptsd;crossover;double-blind;10.1177/0269881112464827;NCT00353938;Oehen, P., Traber, R., Widmer, V., Schnyder, U. (2013). A randomized, controlled pilot study of MDMA (± 3,4-Methylenedioxymethamphetamine)-assisted psychotherapy for treatment of resistant, chronic Post-Traumatic Stress Disorder (PTSD). J Psychopharmacol, 27(1), 40-52. https://doi.org/10.1177/0269881112464827;Oehen2013_change_caps-iv_3weeksafterthirddose_14.00_clinician_mdma_mdma_125mg_25mg;-0,66133577619789730;0,629593004581529;NA;NA;NA;NA;NA;NA
Oehen 2013;mdma;mdma;125 mg;25 mg;change;pds;self-report;ptsd;0;Post-third dose 1;3 weeks after third dose;14,00;98;1;0;NA;NA;NA;NA;NA;NA;8;-8,6;13,000000000000;4;7,3;6,2000000000000;NA;NA;NA;NA;30,0;6,3000000000000;8;23,5;1,90000000000000;4;Low;Low;Low;Low;Low;Low;2013;MDMA;MDMA;125 mg;25 mg;full dose;low dose;3;375;75;21;3,00;41,4000000000000;83,0000000000000;ptsd;chronic, treatment-resistant ptsd;crossover;double-blind;10.1177/0269881112464827;NCT00353938;Oehen, P., Traber, R., Widmer, V., Schnyder, U. (2013). A randomized, controlled pilot study of MDMA (± 3,4-Methylenedioxymethamphetamine)-assisted psychotherapy for treatment of resistant, chronic Post-Traumatic Stress Disorder (PTSD). J Psychopharmacol, 27(1), 40-52. https://doi.org/10.1177/0269881112464827;Oehen2013_change_pds_3weeksafterthirddose_14.00_self-report_mdma_mdma_125mg_25mg;-1,28808387775948741;0,675376706626089;NA;NA;NA;NA;NA;NA
Oehen 2013;mdma;mdma;125 mg;25 mg;msd;caps-iv;clinician;ptsd;1;Post-second dose 1;3 weeks after second dose;10,00;70;0;0;8;63,0;17,8000000000000;4;60,0;6,80000000000000;NA;NA;NA;NA;NA;NA;NA;NA;NA;NA;66,4;13,6000000000000;8;63,4;7,90000000000000;4;Low;Low;Low;Low;Low;Low;2013;MDMA;MDMA;125 mg;25 mg;full dose;low dose;2;250;50;21;3,00;41,4000000000000;83,0000000000000;ptsd;chronic, treatment-resistant ptsd;crossover;double-blind;10.1177/0269881112464827;NCT00353938;Oehen, P., Traber, R., Widmer, V., Schnyder, U. (2013). A randomized, controlled pilot study of MDMA (± 3,4-Methylenedioxymethamphetamine)-assisted psychotherapy for treatment of resistant, chronic Post-Traumatic Stress Disorder (PTSD). J Psychopharmacol, 27(1), 40-52. https://doi.org/10.1177/0269881112464827;Oehen2013_msd_caps-iv_3weeksafterseconddose_10.00_clinician_mdma_mdma_125mg_25mg;0,18039155895777570;0,613670331339632;NA;NA;NA;NA;NA;NA
Oehen 2013;mdma;mdma;125 mg;25 mg;msd;caps-iv;clinician;ptsd;1;Post-third dose 1;3 weeks after third dose;14,00;98;1;0;8;50,8;19,7000000000000;4;66,5;7,60000000000000;NA;NA;NA;NA;NA;NA;NA;NA;NA;NA;66,4;13,6000000000000;8;63,4;7,90000000000000;4;Low;Low;Low;Low;Low;Low;2013;MDMA;MDMA;125 mg;25 mg;full dose;low dose;3;375;75;21;3,00;41,4000000000000;83,0000000000000;ptsd;chronic, treatment-resistant ptsd;crossover;double-blind;10.1177/0269881112464827;NCT00353938;Oehen, P., Traber, R., Widmer, V., Schnyder, U. (2013). A randomized, controlled pilot study of MDMA (± 3,4-Methylenedioxymethamphetamine)-assisted psychotherapy for treatment of resistant, chronic Post-Traumatic Stress Disorder (PTSD). J Psychopharmacol, 27(1), 40-52. https://doi.org/10.1177/0269881112464827;Oehen2013_msd_caps-iv_3weeksafterthirddose_14.00_clinician_mdma_mdma_125mg_25mg;-0,85250196213815910;0,640733080682004;NA;NA;NA;NA;NA;NA
Oehen 2013;mdma;mdma;125 mg;25 mg;msd;pds;self-report;ptsd;0;Post-third dose 1;3 weeks after third dose;14,00;98;1;0;8;21,4;11,9000000000000;4;30,8;6,20000000000000;NA;NA;NA;NA;NA;NA;NA;NA;NA;NA;30,0;6,3000000000000;8;23,5;1,90000000000000;4;Low;Low;Low;Low;Low;Low;2013;MDMA;MDMA;125 mg;25 mg;full dose;low dose;3;375;75;21;3,00;41,4000000000000;83,0000000000000;ptsd;chronic, treatment-resistant ptsd;crossover;double-blind;10.1177/0269881112464827;NCT00353938;Oehen, P., Traber, R., Widmer, V., Schnyder, U. (2013). A randomized, controlled pilot study of MDMA (± 3,4-Methylenedioxymethamphetamine)-assisted psychotherapy for treatment of resistant, chronic Post-Traumatic Stress Disorder (PTSD). J Psychopharmacol, 27(1), 40-52. https://doi.org/10.1177/0269881112464827;Oehen2013_msd_pds_3weeksafterthirddose_14.00_self-report_mdma_mdma_125mg_25mg;-0,82484505800235963;0,638960387789950;NA;NA;NA;NA;NA;NA
Oehen 2013;mdma;mdma;125 mg;25 mg;response;caps-iv;clinician;ptsd;1;Post-third dose 1;3 weeks after third dose;14,00;98;1;0;NA;NA;NA;NA;NA;NA;NA;NA;NA;NA;NA;NA;4;8;0;4;66,4;13,6000000000000;8;63,4;7,90000000000000;4;Low;Low;Low;Low;Low;Low;2013;MDMA;MDMA;125 mg;25 mg;full dose;low dose;3;375;75;21;3,00;41,4000000000000;83,0000000000000;ptsd;chronic, treatment-resistant ptsd;crossover;double-blind;10.1177/0269881112464827;NCT00353938;Oehen, P., Traber, R., Widmer, V., Schnyder, U. (2013). A randomized, controlled pilot study of MDMA (± 3,4-Methylenedioxymethamphetamine)-assisted psychotherapy for treatment of resistant, chronic Post-Traumatic Stress Disorder (PTSD). J Psychopharmacol, 27(1), 40-52. https://doi.org/10.1177/0269881112464827;Oehen2013_response_caps-iv_3weeksafterthirddose_14.00_clinician_mdma_mdma_125mg_25mg;-1,13407041628768601;0,900316316157106;1,5612358106162227;1,371988681140071;4;0;8;4
Mithoefer 2011;mdma;pcb;NA;NA;msd;caps-iv;clinician;ptsd;1;Post-first dose 1;3-5 days after first experimental session;4,00;28;0;0;12;37,8;29,0984535671571;8;74,1;29,13279938488576;NA;NA;NA;NA;NA;NA;NA;NA;NA;NA;79,2;22,8630706599092;12;79,6;22,91025971044414;8;Low;Some concerns;Low;Low;Low;Some concerns;2011;MDMA;lactose;125 mg;125 mg;MDMA;placebo;1;125;125;4;0,57;40,4086956521739;84,3913043478261;ptsd;chronic, treatment-resistant ptsd;crossover;double-blind;10.1177/0269881110378371;NCT00090064;Mithoefer, M.C., Wagner, M.T., Mithoefer, A.T., Jerome, L., Doblin, R. (2011). The safety and efficacy of {+/-}3,4-methylenedioxymethamphetamine-assisted psychotherapy in subjects with chronic, treatment-resistant posttraumatic stress disorder: the first randomized controlled pilot study. J Psychopharmacol, 25(4), 439-52. https://doi.org/10.1177/0269881110378371;Mithoefer2011_msd_caps-iv_3-5daysafterfirstexperimentalsession_4.00_clinician_mdma_pcb_NA_NA;-1,19422980246261878;0,497195481434088;NA;NA;NA;NA;NA;NA
Mithoefer 2011;mdma;pcb;NA;NA;msd;caps-iv;clinician;ptsd;1;Post-second dose 1;3-5 days after second experimental session;8,00;56;0;0;12;29,3;22,5166604983954;8;66,8;22,62741699796952;NA;NA;NA;NA;NA;NA;NA;NA;NA;NA;79,2;22,8630706599092;12;79,6;22,91025971044414;8;Low;Some concerns;Low;Low;Low;Some concerns;2011;MDMA;lactose;125 mg;125 mg;MDMA;placebo;2;250;250;4;0,57;40,4086956521739;84,3913043478261;ptsd;chronic, treatment-resistant ptsd;crossover;double-blind;10.1177/0269881110378371;NCT00090064;Mithoefer, M.C., Wagner, M.T., Mithoefer, A.T., Jerome, L., Doblin, R. (2011). The safety and efficacy of {+/-}3,4-methylenedioxymethamphetamine-assisted psychotherapy in subjects with chronic, treatment-resistant posttraumatic stress disorder: the first randomized controlled pilot study. J Psychopharmacol, 25(4), 439-52. https://doi.org/10.1177/0269881110378371;Mithoefer2011_msd_caps-iv_3-5daysaftersecondexperimentalsession_8.00_clinician_mdma_pcb_NA_NA;-1,59201312072814161;0,526697376355597;NA;NA;NA;NA;NA;NA
Mithoefer 2011;mdma;pcb;NA;NA;msd;caps-iv;clinician;ptsd;1;Follow-up 1;2 months after second experimental session;16,00;112;1;0;12;25,5;26,6735824365607;8;59,1;26,58721497261419;NA;NA;NA;NA;NA;NA;NA;NA;NA;NA;79,2;22,8630706599092;12;79,6;22,91025971044414;8;Low;Some concerns;Low;Low;Low;Some concerns;2011;MDMA;lactose;125 mg;125 mg;MDMA;placebo;2;250;250;60;8,57;40,4086956521739;84,3913043478261;ptsd;chronic, treatment-resistant ptsd;crossover;double-blind;10.1177/0269881110378371;NCT00090064;Mithoefer, M.C., Wagner, M.T., Mithoefer, A.T., Jerome, L., Doblin, R. (2011). The safety and efficacy of {+/-}3,4-methylenedioxymethamphetamine-assisted psychotherapy in subjects with chronic, treatment-resistant posttraumatic stress disorder: the first randomized controlled pilot study. J Psychopharmacol, 25(4), 439-52. https://doi.org/10.1177/0269881110378371;Mithoefer2011_msd_caps-iv_2monthsaftersecondexperimentalsession_16.00_clinician_mdma_pcb_NA_NA;-1,20796724587689375;0,498099134593719;NA;NA;NA;NA;NA;NA
Mithoefer 2011;mdma;pcb;NA;NA;response;caps-iv;clinician;ptsd;1;Post-second dose 1;3-5 days after second experimental session;8,00;56;0;0;NA;NA;NA;NA;NA;NA;NA;NA;NA;NA;NA;NA;10;12;2;8;79,2;22,8630706599092;12;79,6;22,91025971044414;8;Low;Some concerns;Low;Low;Low;Some concerns;2011;MDMA;lactose;125 mg;125 mg;MDMA;placebo;2;250;250;4;0,57;40,4086956521739;84,3913043478261;ptsd;chronic, treatment-resistant ptsd;crossover;double-blind;10.1177/0269881110378371;NCT00090064;Mithoefer, M.C., Wagner, M.T., Mithoefer, A.T., Jerome, L., Doblin, R. (2011). The safety and efficacy of {+/-}3,4-methylenedioxymethamphetamine-assisted psychotherapy in subjects with chronic, treatment-resistant posttraumatic stress disorder: the first randomized controlled pilot study. J Psychopharmacol, 25(4), 439-52. https://doi.org/10.1177/0269881110378371;Mithoefer2011_response_caps-iv_3-5daysaftersecondexperimentalsession_8.00_clinician_mdma_pcb_NA_NA;-1,42994070670690343;0,620500199710591;1,2039728043259361;0,625832778517286;10;2;12;8
Mithoefer 2011;mdma;pcb;NA;NA;remission;caps-iv;clinician;ptsd;1;Post-second dose 1;3-5 days after second experimental session;8,00;56;0;0;NA;NA;NA;NA;NA;NA;NA;NA;NA;NA;NA;NA;10;12;2;8;79,2;22,8630706599092;12;79,6;22,91025971044414;8;Low;Some concerns;Low;Low;Low;Some concerns;2011;MDMA;lactose;125 mg;125 mg;MDMA;placebo;2;250;250;4;0,57;40,4086956521739;84,3913043478261;ptsd;chronic, treatment-resistant ptsd;crossover;double-blind;10.1177/0269881110378371;NCT00090064;Mithoefer, M.C., Wagner, M.T., Mithoefer, A.T., Jerome, L., Doblin, R. (2011). The safety and efficacy of {+/-}3,4-methylenedioxymethamphetamine-assisted psychotherapy in subjects with chronic, treatment-resistant posttraumatic stress disorder: the first randomized controlled pilot study. J Psychopharmacol, 25(4), 439-52. https://doi.org/10.1177/0269881110378371;Mithoefer2011_remission_caps-iv_3-5daysaftersecondexperimentalsession_8.00_clinician_mdma_pcb_NA_NA;-1,42994070670690343;0,620500199710591;1,2039728043259361;0,625832778517286;10;2;12;8
Ot'alora 2018;mdma;mdma;125 mg;100 mg;change;caps-iv;clinician;ptsd;0;Post-second dose 1;1 month after 2 sessions;8,00;56;1;0;NA;NA;NA;NA;NA;NA;12;-26,3;29,500000000000;9;-24,4;24,2000000000000;NA;NA;NA;NA;93,5;20,0000000000000;13;94,4;20,20000000000000;9;Low;Low;Low;Low;Low;Low;2018;MDMA;MDMA;125 mg;100 mg;125 mg group;100 mg group;2;250;200;28;4,00;42,5545454545455;63,6272727272727;ptsd;ptsd for > 6 months;crossover;double-blind;10.1177/0269881118806297;NCT01793610;Ot'alora G, M., Grigsby, J., Poulter, B., Van DerVeer, J.W. 3rd., Giron, S.G., Jerome, L., Feduccia, A.A., Hamilton, S., Yazar-Klosinski, B., Emerson, A., Mithoefer, M.C., Doblin, R. (2018). 3,4-Methylenedioxymethamphetamine-assisted psychotherapy for treatment of chronic posttraumatic stress disorder: A randomized phase 2 controlled trial. J Psychopharmacol, 32(12), 1295-1307. https://doi.org/10.1177/0269881118806297;Ot'alora2018_change_caps-iv_1monthafter2sessions_8.00_clinician_mdma_mdma_125mg_100mg;-0,06658467881401392;0,441088408780895;NA;NA;NA;NA;NA;NA
Ot'alora 2018;mdma;mdma;125 mg;40 mg;change;caps-iv;clinician;ptsd;0;Post-second dose 1;1 month after 2 sessions;8,00;56;1;0;NA;NA;NA;NA;NA;NA;12;-26,3;29,500000000000;6;-11,5;21,2000000000000;NA;NA;NA;NA;93,5;20,0000000000000;13;84,8;8,00000000000000;6;Low;Low;Low;Low;Low;Low;2018;MDMA;MDMA;125 mg;40 mg;125 mg group;40 mg group;2;250;80;28;4,00;43,1473684210526;68,3842105263158;ptsd;ptsd for > 6 months;crossover;double-blind;10.1177/0269881118806297;NCT01793610;Ot'alora G, M., Grigsby, J., Poulter, B., Van DerVeer, J.W. 3rd., Giron, S.G., Jerome, L., Feduccia, A.A., Hamilton, S., Yazar-Klosinski, B., Emerson, A., Mithoefer, M.C., Doblin, R. (2018). 3,4-Methylenedioxymethamphetamine-assisted psychotherapy for treatment of chronic posttraumatic stress disorder: A randomized phase 2 controlled trial. J Psychopharmacol, 32(12), 1295-1307. https://doi.org/10.1177/0269881118806297;Ot'alora2018_change_caps-iv_1monthafter2sessions_8.00_clinician_mdma_mdma_125mg_40mg;-0,51859053728638882;0,508169429867383;NA;NA;NA;NA;NA;NA
Ot'alora 2018;mdma;mdma;100 mg;40 mg;change;caps-iv;clinician;ptsd;0;Post-second dose 1;1 month after 2 sessions;8,00;56;1;0;NA;NA;NA;NA;NA;NA;9;-24,4;24,200000000000;6;-11,5;21,2000000000000;NA;NA;NA;NA;94,4;20,2000000000000;9;84,8;8,00000000000000;6;Low;Low;Low;Low;Low;Low;2018;MDMA;MDMA;100 mg;40 mg;100 mg group;40 mg group;2;200;80;28;4,00;39,7600000000000;73,3400000000000;ptsd;ptsd for > 6 months;crossover;double-blind;10.1177/0269881118806297;NCT01793610;Ot'alora G, M., Grigsby, J., Poulter, B., Van DerVeer, J.W. 3rd., Giron, S.G., Jerome, L., Feduccia, A.A., Hamilton, S., Yazar-Klosinski, B., Emerson, A., Mithoefer, M.C., Doblin, R. (2018). 3,4-Methylenedioxymethamphetamine-assisted psychotherapy for treatment of chronic posttraumatic stress disorder: A randomized phase 2 controlled trial. J Psychopharmacol, 32(12), 1295-1307. https://doi.org/10.1177/0269881118806297;Ot'alora2018_change_caps-iv_1monthafter2sessions_8.00_clinician_mdma_mdma_100mg_40mg;-0,52576678559087420;0,536823921869474;NA;NA;NA;NA;NA;NA
Ot'alora 2018;mdma;mdma;125 mg;100 mg;msd;caps-iv;clinician;ptsd;1;Post-second dose 1;1 month after 2 sessions;8,00;56;1;0;12;64,3;33,6000000000000;9;70,0;28,20000000000000;NA;NA;NA;NA;NA;NA;NA;NA;NA;NA;93,5;20,0000000000000;13;94,4;20,20000000000000;9;Low;Low;Low;Low;Low;Low;2018;MDMA;MDMA;125 mg;100 mg;125 mg group;100 mg group;2;250;200;28;4,00;42,5545454545455;63,6272727272727;ptsd;ptsd for > 6 months;crossover;double-blind;10.1177/0269881118806297;NCT01793610;Ot'alora G, M., Grigsby, J., Poulter, B., Van DerVeer, J.W. 3rd., Giron, S.G., Jerome, L., Feduccia, A.A., Hamilton, S., Yazar-Klosinski, B., Emerson, A., Mithoefer, M.C., Doblin, R. (2018). 3,4-Methylenedioxymethamphetamine-assisted psychotherapy for treatment of chronic posttraumatic stress disorder: A randomized phase 2 controlled trial. J Psychopharmacol, 32(12), 1295-1307. https://doi.org/10.1177/0269881118806297;Ot'alora2018_msd_caps-iv_1monthafter2sessions_8.00_clinician_mdma_mdma_125mg_100mg;-0,17404820361444101;0,441845061013732;NA;NA;NA;NA;NA;NA
Ot'alora 2018;mdma;mdma;125 mg;40 mg;msd;caps-iv;clinician;ptsd;1;Post-second dose 1;1 month after 2 sessions;8,00;56;1;0;12;64,3;33,6000000000000;6;73,3;24,50000000000000;NA;NA;NA;NA;NA;NA;NA;NA;NA;NA;93,5;20,0000000000000;13;84,8;8,00000000000000;6;Low;Low;Low;Low;Low;Low;2018;MDMA;MDMA;125 mg;40 mg;125 mg group;40 mg group;2;250;80;28;4,00;43,1473684210526;68,3842105263158;ptsd;ptsd for > 6 months;crossover;double-blind;10.1177/0269881118806297;NCT01793610;Ot'alora G, M., Grigsby, J., Poulter, B., Van DerVeer, J.W. 3rd., Giron, S.G., Jerome, L., Feduccia, A.A., Hamilton, S., Yazar-Klosinski, B., Emerson, A., Mithoefer, M.C., Doblin, R. (2018). 3,4-Methylenedioxymethamphetamine-assisted psychotherapy for treatment of chronic posttraumatic stress disorder: A randomized phase 2 controlled trial. J Psychopharmacol, 32(12), 1295-1307. https://doi.org/10.1177/0269881118806297;Ot'alora2018_msd_caps-iv_1monthafter2sessions_8.00_clinician_mdma_mdma_125mg_40mg;-0,27610463068921387;0,502329233787036;NA;NA;NA;NA;NA;NA
Ot'alora 2018;mdma;mdma;100 mg;40 mg;msd;caps-iv;clinician;ptsd;1;Post-second dose 1;1 month after 2 sessions;8,00;56;1;0;9;70,0;28,2000000000000;6;73,3;24,50000000000000;NA;NA;NA;NA;NA;NA;NA;NA;NA;NA;94,4;20,2000000000000;9;84,8;8,00000000000000;6;Low;Low;Low;Low;Low;Low;2018;MDMA;MDMA;100 mg;40 mg;100 mg group;40 mg group;2;200;80;28;4,00;39,7600000000000;73,3400000000000;ptsd;ptsd for > 6 months;crossover;double-blind;10.1177/0269881118806297;NCT01793610;Ot'alora G, M., Grigsby, J., Poulter, B., Van DerVeer, J.W. 3rd., Giron, S.G., Jerome, L., Feduccia, A.A., Hamilton, S., Yazar-Klosinski, B., Emerson, A., Mithoefer, M.C., Doblin, R. (2018). 3,4-Methylenedioxymethamphetamine-assisted psychotherapy for treatment of chronic posttraumatic stress disorder: A randomized phase 2 controlled trial. J Psychopharmacol, 32(12), 1295-1307. https://doi.org/10.1177/0269881118806297;Ot'alora2018_msd_caps-iv_1monthafter2sessions_8.00_clinician_mdma_mdma_100mg_40mg;-0,11572980543893970;0,527524192576511;NA;NA;NA;NA;NA;NA
Ot'alora 2018;mdma;mdma;125 mg;100 mg;response;caps-iv;clinician;ptsd;1;Post-second dose 1;1 month after 2 sessions;8,00;56;1;0;NA;NA;NA;NA;NA;NA;NA;NA;NA;NA;NA;NA;6;12;5;9;93,5;20,0000000000000;13;94,4;20,20000000000000;9;Low;Low;Low;Low;Low;Low;2018;MDMA;MDMA;125 mg;100 mg;125 mg group;100 mg group;2;250;200;28;4,00;42,5545454545455;63,6272727272727;ptsd;ptsd for > 6 months;crossover;double-blind;10.1177/0269881118806297;NCT01793610;Ot'alora G, M., Grigsby, J., Poulter, B., Van DerVeer, J.W. 3rd., Giron, S.G., Jerome, L., Feduccia, A.A., Hamilton, S., Yazar-Klosinski, B., Emerson, A., Mithoefer, M.C., Doblin, R. (2018). 3,4-Methylenedioxymethamphetamine-assisted psychotherapy for treatment of chronic posttraumatic stress disorder: A randomized phase 2 controlled trial. J Psychopharmacol, 32(12), 1295-1307. https://doi.org/10.1177/0269881118806297;Ot'alora2018_response_caps-iv_1monthafter2sessions_8.00_clinician_mdma_mdma_125mg_100mg;0,11810446815989684;0,487959815517112;-0,1053605156578264;0,414996653266291;6;5;12;9
Ot'alora 2018;mdma;mdma;125 mg;40 mg;response;caps-iv;clinician;ptsd;1;Post-second dose 1;1 month after 2 sessions;8,00;56;1;0;NA;NA;NA;NA;NA;NA;NA;NA;NA;NA;NA;NA;6;12;1;6;93,5;20,0000000000000;13;84,8;8,00000000000000;6;Low;Low;Low;Low;Low;Low;2018;MDMA;MDMA;125 mg;40 mg;125 mg group;40 mg group;2;250;80;28;4,00;43,1473684210526;68,3842105263158;ptsd;ptsd for > 6 months;crossover;double-blind;10.1177/0269881118806297;NCT01793610;Ot'alora G, M., Grigsby, J., Poulter, B., Van DerVeer, J.W. 3rd., Giron, S.G., Jerome, L., Feduccia, A.A., Hamilton, S., Yazar-Klosinski, B., Emerson, A., Mithoefer, M.C., Doblin, R. (2018). 3,4-Methylenedioxymethamphetamine-assisted psychotherapy for treatment of chronic posttraumatic stress disorder: A randomized phase 2 controlled trial. J Psychopharmacol, 32(12), 1295-1307. https://doi.org/10.1177/0269881118806297;Ot'alora2018_response_caps-iv_1monthafter2sessions_8.00_clinician_mdma_mdma_125mg_40mg;-0,84507583477356885;0,682698648566667;1,0986122886681098;0,957427107756338;6;1;12;6
Ot'alora 2018;mdma;mdma;100 mg;40 mg;response;caps-iv;clinician;ptsd;1;Post-second dose 1;1 month after 2 sessions;8,00;56;1;0;NA;NA;NA;NA;NA;NA;NA;NA;NA;NA;NA;NA;5;9;1;6;94,4;20,2000000000000;9;84,8;8,00000000000000;6;Low;Low;Low;Low;Low;Low;2018;MDMA;MDMA;100 mg;40 mg;100 mg group;40 mg group;2;200;80;28;4,00;39,7600000000000;73,3400000000000;ptsd;ptsd for > 6 months;crossover;double-blind;10.1177/0269881118806297;NCT01793610;Ot'alora G, M., Grigsby, J., Poulter, B., Van DerVeer, J.W. 3rd., Giron, S.G., Jerome, L., Feduccia, A.A., Hamilton, S., Yazar-Klosinski, B., Emerson, A., Mithoefer, M.C., Doblin, R. (2018). 3,4-Methylenedioxymethamphetamine-assisted psychotherapy for treatment of chronic posttraumatic stress disorder: A randomized phase 2 controlled trial. J Psychopharmacol, 32(12), 1295-1307. https://doi.org/10.1177/0269881118806297;Ot'alora2018_response_caps-iv_1monthafter2sessions_8.00_clinician_mdma_mdma_100mg_40mg;-0,95092246040358286;0,708194788903146;1,2039728043259361;0,960324019392529;5;1;9;6
Ot'alora 2018;mdma;mdma;125 mg;100 mg;remission;caps-iv;clinician;ptsd;1;Post-second dose 1;1 month after 2 sessions;8,00;56;1;0;NA;NA;NA;NA;NA;NA;NA;NA;NA;NA;NA;NA;5;12;4;9;93,5;20,0000000000000;13;94,4;20,20000000000000;9;Low;Low;Low;Low;Low;Low;2018;MDMA;MDMA;125 mg;100 mg;125 mg group;100 mg group;2;250;200;28;4,00;42,5545454545455;63,6272727272727;ptsd;ptsd for > 6 months;crossover;double-blind;10.1177/0269881118806297;NCT01793610;Ot'alora G, M., Grigsby, J., Poulter, B., Van DerVeer, J.W. 3rd., Giron, S.G., Jerome, L., Feduccia, A.A., Hamilton, S., Yazar-Klosinski, B., Emerson, A., Mithoefer, M.C., Doblin, R. (2018). 3,4-Methylenedioxymethamphetamine-assisted psychotherapy for treatment of chronic posttraumatic stress disorder: A randomized phase 2 controlled trial. J Psychopharmacol, 32(12), 1295-1307. https://doi.org/10.1177/0269881118806297;Ot'alora2018_remission_caps-iv_1monthafter2sessions_8.00_clinician_mdma_mdma_125mg_100mg;0,05998212373431735;0,490917174807221;-0,0645385211375711;0,505525029603437;5;4;12;9
Ot'alora 2018;mdma;mdma;125 mg;40 mg;remission;caps-iv;clinician;ptsd;1;Post-second dose 1;1 month after 2 sessions;8,00;56;1;0;NA;NA;NA;NA;NA;NA;NA;NA;NA;NA;NA;NA;5;12;2;6;93,5;20,0000000000000;13;84,8;8,00000000000000;6;Low;Low;Low;Low;Low;Low;2018;MDMA;MDMA;125 mg;40 mg;125 mg group;40 mg group;2;250;80;28;4,00;43,1473684210526;68,3842105263158;ptsd;ptsd for > 6 months;crossover;double-blind;10.1177/0269881118806297;NCT01793610;Ot'alora G, M., Grigsby, J., Poulter, B., Van DerVeer, J.W. 3rd., Giron, S.G., Jerome, L., Feduccia, A.A., Hamilton, S., Yazar-Klosinski, B., Emerson, A., Mithoefer, M.C., Doblin, R. (2018). 3,4-Methylenedioxymethamphetamine-assisted psychotherapy for treatment of chronic posttraumatic stress disorder: A randomized phase 2 controlled trial. J Psychopharmacol, 32(12), 1295-1307. https://doi.org/10.1177/0269881118806297;Ot'alora2018_remission_caps-iv_1monthafter2sessions_8.00_clinician_mdma_mdma_125mg_40mg;-0,18728114558701994;0,576358167981341;0,2231435513142099;0,670820393249937;5;2;12;6
Ot'alora 2018;mdma;mdma;100 mg;40 mg;remission;caps-iv;clinician;ptsd;1;Post-second dose 1;1 month after 2 sessions;8,00;56;1;0;NA;NA;NA;NA;NA;NA;NA;NA;NA;NA;NA;NA;4;9;2;6;94,4;20,2000000000000;9;84,8;8,00000000000000;6;Low;Low;Low;Low;Low;Low;2018;MDMA;MDMA;100 mg;40 mg;100 mg group;40 mg group;2;200;80;28;4,00;39,7600000000000;73,3400000000000;ptsd;ptsd for > 6 months;crossover;double-blind;10.1177/0269881118806297;NCT01793610;Ot'alora G, M., Grigsby, J., Poulter, B., Van DerVeer, J.W. 3rd., Giron, S.G., Jerome, L., Feduccia, A.A., Hamilton, S., Yazar-Klosinski, B., Emerson, A., Mithoefer, M.C., Doblin, R. (2018). 3,4-Methylenedioxymethamphetamine-assisted psychotherapy for treatment of chronic posttraumatic stress disorder: A randomized phase 2 controlled trial. J Psychopharmacol, 32(12), 1295-1307. https://doi.org/10.1177/0269881118806297;Ot'alora2018_remission_caps-iv_1monthafter2sessions_8.00_clinician_mdma_mdma_100mg_40mg;-0,24388384165297400;0,603950545253844;0,2876820724517808;0,687184270936277;4;2;9;6
